1, data structure and metadata
2, conservation
3, phenology and climate
4, Stochastic demography
5, population dynamics
6, marine paleoecology
7, biogeochemistry
8, tropical and marine conservation policy
9, mapping human impacts on marine systems
10, species distributions and range limits
11, ecosystem valuation
12, fisheries management
13, productivity-diversity relationships
14, species distribution models
15, review papers and frameworks
16, disease modeling
17, coevolution
18, data
19, meta analysis
20, metacommunities
21, coexistence mechanisms
22, reports
23, risk assessment
24, metabolic scaling
25, statistics
26, Evolutionary diversification
27, latitudinal gradients
28, predation
29, rivers and streams
30, species recovery plans
31, invasive species
32, metapopulations
33, functional and phylogenetic community structure
34, forests
35, time series analysis
36, species interactions
37, trophic interactions
38, ecological networks
39, ecological change
40, spatio-temporal ecology
41, historical ecology??
42, machine learning
43, species interactions
44, landscape connectivity
45, ecological genetics
46, stop words??
47, doing science
48, roots and grasslands
49, demography
50, species responses to global change
51, reproductive ecology
52, developmental scaling
53, microbial diversity
54, host-parasite interactions
55, extinction in the fossil record
56, species co-occurrence patterns?
57, "environment" [remove?]
58, anthropogenic change
59, decomposition and nutrient cycling
60, "rivers, erosion, and nutrient flows"
61, valuing nature
62, marine ecology
63, biogeography and urban ecology??
64, species abundances?
65, plankton
66, economics
67, phenotypic plasticity
68, optimization
69, publication
70, size and scaling
71, benefits of pollination
72, benthic ecology??
73, wetland conservation?
74, aquatic vegetation
75, disturbance
76, diversity estimation (and stuff?)
77, remove??
78, "movement, foraging, and migration"
79, nitrogen
80, invasions
81, remote sensing
82, [birds. Also islands and rodents. And maybe trees]
83, coral
84, long time scales
85, ??
86, seed dispersal
87, chemistry and toxins??
